"file","md5_sum","number_of_beads","mean_size","mean_intensity","bead_density","estimated_rejected","coverage"
"notebook/Images/beads_large1.bmp","7b88193bf99c4efebb5e2e8f4b8066fe",86,106.220930232558,0.665217381971946,0.049380513751946,0,0.049380513751946
"notebook/Images/beads_large2.png","b37015555151d6b387ea8a7ced30eaa3",715,101.907692307692,0.196407473068279,0.0510149213603979,0,0.0510149213603979
"notebook/Images/beads.png","504d83fb571b8e8156f188b57733a60c",10,133,0.635919209789179,0.0823733432429085,0,0.0823733432429085
"notebook/Images/droplet_beads.png","67b542a4f0ec7f9f306dd9b0a4099dbc",5,79.4,0.193198992443325,0.0234744560075686,0,0.0234744560075686
