"file","md5_sum","number_of_objects","mean_size","sd_size","mean_intensity","sd_intensity","estimated_rejected","coverage"
"notebook/Images/analysis/1_000000_40x_Cy5_Grey=1000_Z=3509370_Well=A1_Ti=149999us_t=000173547ms.bmp","ff7ed898f27979e62bea6f9e3c4be69d",25,2193.96,1016.6833118856,0.233127313168882,0.048998007201099,0,0.0384019189407178
"notebook/Images/analysis/1_000007_40x_Cy5_Grey=1000_Z=3516170_Well=C1_Ti=149999us_t=000242390ms.bmp","b7d572f431dd33bc84c208229e82a983",55,1386.65454545455,975.03149461349,0.28906932033034,0.0423393585282287,0,0.0533967939239145
"notebook/Images/analysis/1_000013_40x_Cy5_Grey=1000_Z=3537210_Well=E1_Ti=149999us_t=000315500ms.bmp","4e6ce5d8f906b3117942edda11b974b1",64,1601.953125,2302.52087821007,0.511654182863099,0.163573637315953,0,0.0717817414975131
